who,mean,sds
monkeys,0.096687,0.081988
kids,0.088890,0.096262
tsimane,0.091176,0.103600
adults,0.101001,0.095018
