who,mean,sds
monkeys,0.008555,0.005713
kids,0.027318,0.010439
tsimane,0.139289,0.020720
adults,0.029434,0.015990
