who,mean,sd
monkeys,8.641836,1.381089
kids,12.234599,1.242138
tsimane,19.263329,3.137704
